Grid Size,Threads,Mode,Schedule,Run,Execution Time (s)
100x100,2,row,static,1,0.003305
100x100,2,row,static,2,0.002535
100x100,2,row,static,3,0.002479
100x100,2,row,static,4,0.002595
100x100,2,row,static,5,0.002620
100x100,2,row,static,Average,0.002707
100x100,2,row,dynamic,1,0.002667
100x100,2,row,dynamic,2,0.002524
100x100,2,row,dynamic,3,0.002900
100x100,2,row,dynamic,4,0.002556
100x100,2,row,dynamic,5,0.002519
100x100,2,row,dynamic,Average,0.002633
100x100,2,row,guided,1,0.002477
100x100,2,row,guided,2,0.006939
100x100,2,row,guided,3,0.002926
100x100,2,row,guided,4,0.002541
100x100,2,row,guided,5,0.002548
100x100,2,row,guided,Average,0.003486
100x100,2,row,runtime,1,0.003577
100x100,2,row,runtime,2,0.002768
100x100,2,row,runtime,3,0.002880
100x100,2,row,runtime,4,0.003010
100x100,2,row,runtime,5,0.002987
100x100,2,row,runtime,Average,0.003044
100x100,2,row,static,1,0.002941
100x100,2,row,static,2,0.002841
100x100,2,row,static,3,0.002992
100x100,2,row,static,4,0.002852
100x100,2,row,static,5,0.002985
100x100,2,row,static,Average,0.002922
100x100,2,row,dynamic,1,0.002851
100x100,2,row,dynamic,2,0.003054
100x100,2,row,dynamic,3,0.002934
100x100,2,row,dynamic,4,0.003070
100x100,2,row,dynamic,5,0.002941
100x100,2,row,dynamic,Average,0.002970
100x100,2,row,guided,1,0.003019
100x100,2,row,guided,2,0.003000
100x100,2,row,guided,3,0.002988
100x100,2,row,guided,4,0.002857
100x100,2,row,guided,5,0.002883
100x100,2,row,guided,Average,0.002949
100x100,2,row,runtime,1,0.002922
100x100,2,row,runtime,2,0.002940
100x100,2,row,runtime,3,0.002783
100x100,2,row,runtime,4,0.002924
100x100,2,row,runtime,5,0.002916
100x100,2,row,runtime,Average,0.002897
100x100,2,column,static,1,0.007220
100x100,2,column,static,2,0.003033
100x100,2,column,static,3,0.002861
100x100,2,column,static,4,0.002954
100x100,2,column,static,5,0.003085
100x100,2,column,static,Average,0.003831
100x100,2,column,dynamic,1,0.003098
100x100,2,column,dynamic,2,0.003012
100x100,2,column,dynamic,3,0.002978
100x100,2,column,dynamic,4,0.003078
100x100,2,column,dynamic,5,0.003044
100x100,2,column,dynamic,Average,0.003042
100x100,2,column,guided,1,0.003056
100x100,2,column,guided,2,0.003080
100x100,2,column,guided,3,0.003066
100x100,2,column,guided,4,0.003080
100x100,2,column,guided,5,0.003046
100x100,2,column,guided,Average,0.003066
100x100,2,column,runtime,1,0.003038
100x100,2,column,runtime,2,0.002849
100x100,2,column,runtime,3,0.003058
100x100,2,column,runtime,4,0.003071
100x100,2,column,runtime,5,0.003161
100x100,2,column,runtime,Average,0.003035
100x100,2,column,static,1,0.002981
100x100,2,column,static,2,0.002983
100x100,2,column,static,3,0.002928
100x100,2,column,static,4,0.002889
100x100,2,column,static,5,0.002926
100x100,2,column,static,Average,0.002941
100x100,2,column,dynamic,1,0.002811
100x100,2,column,dynamic,2,0.002852
100x100,2,column,dynamic,3,0.002912
100x100,2,column,dynamic,4,0.002923
100x100,2,column,dynamic,5,0.002909
100x100,2,column,dynamic,Average,0.002881
100x100,2,column,guided,1,0.002934
100x100,2,column,guided,2,0.002987
100x100,2,column,guided,3,0.002824
100x100,2,column,guided,4,0.002995
100x100,2,column,guided,5,0.002850
100x100,2,column,guided,Average,0.002918
100x100,2,column,runtime,1,0.002944
100x100,2,column,runtime,2,0.002959
100x100,2,column,runtime,3,0.002968
100x100,2,column,runtime,4,0.002966
100x100,2,column,runtime,5,0.002966
100x100,2,column,runtime,Average,0.002961
1000x1000,2,row,static,1,0.023100
1000x1000,2,row,static,2,0.017632
1000x1000,2,row,static,3,0.017057
1000x1000,2,row,static,4,0.025019
1000x1000,2,row,static,5,0.015894
1000x1000,2,row,static,Average,0.019741
1000x1000,2,row,dynamic,1,0.015692
1000x1000,2,row,dynamic,2,0.015950
1000x1000,2,row,dynamic,3,0.015591
1000x1000,2,row,dynamic,4,0.015716
1000x1000,2,row,dynamic,5,0.015571
1000x1000,2,row,dynamic,Average,0.015704
1000x1000,2,row,guided,1,0.015639
1000x1000,2,row,guided,2,0.015864
1000x1000,2,row,guided,3,0.015681
1000x1000,2,row,guided,4,0.015146
1000x1000,2,row,guided,5,0.015312
1000x1000,2,row,guided,Average,0.015528
1000x1000,2,row,runtime,1,0.015690
1000x1000,2,row,runtime,2,0.015670
1000x1000,2,row,runtime,3,0.025272
1000x1000,2,row,runtime,4,0.016003
1000x1000,2,row,runtime,5,0.016524
1000x1000,2,row,runtime,Average,0.017832
1000x1000,2,row,static,1,0.010720
1000x1000,2,row,static,2,0.010587
1000x1000,2,row,static,3,0.010593
1000x1000,2,row,static,4,0.010865
1000x1000,2,row,static,5,0.010908
1000x1000,2,row,static,Average,0.010735
1000x1000,2,row,dynamic,1,0.010636
1000x1000,2,row,dynamic,2,0.010550
1000x1000,2,row,dynamic,3,0.010492
1000x1000,2,row,dynamic,4,0.010587
1000x1000,2,row,dynamic,5,0.010738
1000x1000,2,row,dynamic,Average,0.010601
1000x1000,2,row,guided,1,0.010533
1000x1000,2,row,guided,2,0.010850
1000x1000,2,row,guided,3,0.010727
1000x1000,2,row,guided,4,0.010523
1000x1000,2,row,guided,5,0.010962
1000x1000,2,row,guided,Average,0.010719
1000x1000,2,row,runtime,1,0.010669
1000x1000,2,row,runtime,2,0.010536
1000x1000,2,row,runtime,3,0.010608
1000x1000,2,row,runtime,4,0.010838
1000x1000,2,row,runtime,5,0.010931
1000x1000,2,row,runtime,Average,0.010716
1000x1000,2,column,static,1,0.017030
1000x1000,2,column,static,2,0.016805
1000x1000,2,column,static,3,0.016992
1000x1000,2,column,static,4,0.017501
1000x1000,2,column,static,5,0.016830
1000x1000,2,column,static,Average,0.017032
1000x1000,2,column,dynamic,1,0.016926
1000x1000,2,column,dynamic,2,0.017576
1000x1000,2,column,dynamic,3,0.016949
1000x1000,2,column,dynamic,4,0.017694
1000x1000,2,column,dynamic,5,0.017209
1000x1000,2,column,dynamic,Average,0.017271
1000x1000,2,column,guided,1,0.017142
1000x1000,2,column,guided,2,0.017033
1000x1000,2,column,guided,3,0.016963
1000x1000,2,column,guided,4,0.016614
1000x1000,2,column,guided,5,0.016897
1000x1000,2,column,guided,Average,0.016930
1000x1000,2,column,runtime,1,0.017338
1000x1000,2,column,runtime,2,0.018642
1000x1000,2,column,runtime,3,0.018401
1000x1000,2,column,runtime,4,0.018325
1000x1000,2,column,runtime,5,0.017870
1000x1000,2,column,runtime,Average,0.018115
1000x1000,2,column,static,1,0.011305
1000x1000,2,column,static,2,0.010979
1000x1000,2,column,static,3,0.010476
1000x1000,2,column,static,4,0.010543
1000x1000,2,column,static,5,0.010945
1000x1000,2,column,static,Average,0.010850
1000x1000,2,column,dynamic,1,0.010554
1000x1000,2,column,dynamic,2,0.010558
1000x1000,2,column,dynamic,3,0.010703
1000x1000,2,column,dynamic,4,0.010960
1000x1000,2,column,dynamic,5,0.010612
1000x1000,2,column,dynamic,Average,0.010677
1000x1000,2,column,guided,1,0.011114
1000x1000,2,column,guided,2,0.010756
1000x1000,2,column,guided,3,0.010545
1000x1000,2,column,guided,4,0.011031
1000x1000,2,column,guided,5,0.011014
1000x1000,2,column,guided,Average,0.010892
1000x1000,2,column,runtime,1,0.010830
1000x1000,2,column,runtime,2,0.010980
1000x1000,2,column,runtime,3,0.010656
1000x1000,2,column,runtime,4,0.010645
1000x1000,2,column,runtime,5,0.010441
1000x1000,2,column,runtime,Average,0.010710
5000x5000,2,row,static,1,0.228219
5000x5000,2,row,static,2,0.225716
5000x5000,2,row,static,3,0.226578
5000x5000,2,row,static,4,0.224777
5000x5000,2,row,static,5,0.225343
5000x5000,2,row,static,Average,0.226127
5000x5000,2,row,dynamic,1,0.226123
5000x5000,2,row,dynamic,2,0.224385
5000x5000,2,row,dynamic,3,0.224875
5000x5000,2,row,dynamic,4,0.225755
5000x5000,2,row,dynamic,5,0.225871
5000x5000,2,row,dynamic,Average,0.225402
5000x5000,2,row,guided,1,0.224876
5000x5000,2,row,guided,2,0.225435
5000x5000,2,row,guided,3,0.226209
5000x5000,2,row,guided,4,0.223884
5000x5000,2,row,guided,5,0.225519
5000x5000,2,row,guided,Average,0.225185
5000x5000,2,row,runtime,1,0.224179
5000x5000,2,row,runtime,2,0.225861
5000x5000,2,row,runtime,3,0.226251
5000x5000,2,row,runtime,4,0.226112
5000x5000,2,row,runtime,5,0.227022
5000x5000,2,row,runtime,Average,0.225885
5000x5000,2,row,static,1,0.167974
5000x5000,2,row,static,2,0.168565
5000x5000,2,row,static,3,0.169901
5000x5000,2,row,static,4,0.166879
5000x5000,2,row,static,5,0.167306
5000x5000,2,row,static,Average,0.168125
5000x5000,2,row,dynamic,1,0.168317
5000x5000,2,row,dynamic,2,0.167096
5000x5000,2,row,dynamic,3,0.168019
5000x5000,2,row,dynamic,4,0.167729
5000x5000,2,row,dynamic,5,0.167164
5000x5000,2,row,dynamic,Average,0.167665
5000x5000,2,row,guided,1,0.167293
5000x5000,2,row,guided,2,0.167024
5000x5000,2,row,guided,3,0.166979
5000x5000,2,row,guided,4,0.168337
5000x5000,2,row,guided,5,0.167193
5000x5000,2,row,guided,Average,0.167365
5000x5000,2,row,runtime,1,0.166565
5000x5000,2,row,runtime,2,0.166630
5000x5000,2,row,runtime,3,0.167469
5000x5000,2,row,runtime,4,0.166793
5000x5000,2,row,runtime,5,0.167928
5000x5000,2,row,runtime,Average,0.167077
5000x5000,2,column,static,1,0.323392
5000x5000,2,column,static,2,0.323374
5000x5000,2,column,static,3,0.324407
5000x5000,2,column,static,4,0.324634
5000x5000,2,column,static,5,0.324155
5000x5000,2,column,static,Average,0.323993
5000x5000,2,column,dynamic,1,0.323765
5000x5000,2,column,dynamic,2,0.324325
5000x5000,2,column,dynamic,3,0.326904
5000x5000,2,column,dynamic,4,0.324761
5000x5000,2,column,dynamic,5,0.325177
5000x5000,2,column,dynamic,Average,0.324987
5000x5000,2,column,guided,1,0.324174
5000x5000,2,column,guided,2,0.323223
5000x5000,2,column,guided,3,0.324584
5000x5000,2,column,guided,4,0.325009
5000x5000,2,column,guided,5,0.324616
5000x5000,2,column,guided,Average,0.324321
5000x5000,2,column,runtime,1,0.324956
5000x5000,2,column,runtime,2,0.323842
5000x5000,2,column,runtime,3,0.322843
5000x5000,2,column,runtime,4,0.323931
5000x5000,2,column,runtime,5,0.323364
5000x5000,2,column,runtime,Average,0.323787
5000x5000,2,column,static,1,0.171983
5000x5000,2,column,static,2,0.168111
5000x5000,2,column,static,3,0.167269
5000x5000,2,column,static,4,0.168838
5000x5000,2,column,static,5,0.166738
5000x5000,2,column,static,Average,0.168588
5000x5000,2,column,dynamic,1,0.167184
5000x5000,2,column,dynamic,2,0.168743
5000x5000,2,column,dynamic,3,0.168183
5000x5000,2,column,dynamic,4,0.168043
5000x5000,2,column,dynamic,5,0.167454
5000x5000,2,column,dynamic,Average,0.167921
5000x5000,2,column,guided,1,0.166885
5000x5000,2,column,guided,2,0.167369
5000x5000,2,column,guided,3,0.167664
5000x5000,2,column,guided,4,0.168184
5000x5000,2,column,guided,5,0.167907
5000x5000,2,column,guided,Average,0.167602
5000x5000,2,column,runtime,1,0.168092
5000x5000,2,column,runtime,2,0.167693
5000x5000,2,column,runtime,3,0.168706
5000x5000,2,column,runtime,4,0.168296
5000x5000,2,column,runtime,5,0.167054
5000x5000,2,column,runtime,Average,0.167968
10000x10000,2,row,static,1,0.800643
10000x10000,2,row,static,2,0.800976
10000x10000,2,row,static,3,0.800019
10000x10000,2,row,static,4,0.802210
10000x10000,2,row,static,5,0.802578
10000x10000,2,row,static,Average,0.801285
10000x10000,2,row,dynamic,1,0.800892
10000x10000,2,row,dynamic,2,0.801510
10000x10000,2,row,dynamic,3,0.803395
10000x10000,2,row,dynamic,4,0.803651
10000x10000,2,row,dynamic,5,0.809211
10000x10000,2,row,dynamic,Average,0.803732
10000x10000,2,row,guided,1,0.806867
10000x10000,2,row,guided,2,0.808725
10000x10000,2,row,guided,3,0.801564
10000x10000,2,row,guided,4,0.806846
10000x10000,2,row,guided,5,0.804538
10000x10000,2,row,guided,Average,0.805708
10000x10000,2,row,runtime,1,0.803656
10000x10000,2,row,runtime,2,0.804801
10000x10000,2,row,runtime,3,0.800189
10000x10000,2,row,runtime,4,0.808090
10000x10000,2,row,runtime,5,0.799612
10000x10000,2,row,runtime,Average,0.803270
10000x10000,2,row,static,1,0.634195
10000x10000,2,row,static,2,0.640261
10000x10000,2,row,static,3,0.636958
10000x10000,2,row,static,4,0.636228
10000x10000,2,row,static,5,0.639369
10000x10000,2,row,static,Average,0.637402
10000x10000,2,row,dynamic,1,0.633425
10000x10000,2,row,dynamic,2,0.631657
10000x10000,2,row,dynamic,3,0.632812
10000x10000,2,row,dynamic,4,0.638934
10000x10000,2,row,dynamic,5,0.635036
10000x10000,2,row,dynamic,Average,0.634373
10000x10000,2,row,guided,1,0.635664
10000x10000,2,row,guided,2,0.637406
10000x10000,2,row,guided,3,0.632797
10000x10000,2,row,guided,4,0.630097
10000x10000,2,row,guided,5,0.632710
10000x10000,2,row,guided,Average,0.633735
10000x10000,2,row,runtime,1,0.633003
10000x10000,2,row,runtime,2,0.634066
10000x10000,2,row,runtime,3,0.636036
10000x10000,2,row,runtime,4,0.634841
10000x10000,2,row,runtime,5,0.633212
10000x10000,2,row,runtime,Average,0.634232
10000x10000,2,column,static,1,1.336835
10000x10000,2,column,static,2,1.336406
10000x10000,2,column,static,3,1.338068
10000x10000,2,column,static,4,1.336230
10000x10000,2,column,static,5,1.343018
10000x10000,2,column,static,Average,1.338111
10000x10000,2,column,dynamic,1,1.340734
10000x10000,2,column,dynamic,2,1.344997
10000x10000,2,column,dynamic,3,1.351912
10000x10000,2,column,dynamic,4,1.345939
10000x10000,2,column,dynamic,5,1.344844
10000x10000,2,column,dynamic,Average,1.345685
10000x10000,2,column,guided,1,1.349101
10000x10000,2,column,guided,2,1.348732
10000x10000,2,column,guided,3,1.344024
10000x10000,2,column,guided,4,1.350049
10000x10000,2,column,guided,5,1.343889
10000x10000,2,column,guided,Average,1.347159
10000x10000,2,column,runtime,1,1.343594
10000x10000,2,column,runtime,2,1.339169
10000x10000,2,column,runtime,3,1.337676
10000x10000,2,column,runtime,4,1.314595
10000x10000,2,column,runtime,5,1.344060
10000x10000,2,column,runtime,Average,1.335819
10000x10000,2,column,static,1,0.630213
10000x10000,2,column,static,2,0.636223
10000x10000,2,column,static,3,0.634931
10000x10000,2,column,static,4,0.636475
10000x10000,2,column,static,5,0.635588
10000x10000,2,column,static,Average,0.634686
10000x10000,2,column,dynamic,1,0.639259
10000x10000,2,column,dynamic,2,0.632063
10000x10000,2,column,dynamic,3,0.633295
10000x10000,2,column,dynamic,4,0.631587
10000x10000,2,column,dynamic,5,0.635108
10000x10000,2,column,dynamic,Average,0.634262
10000x10000,2,column,guided,1,0.636943
10000x10000,2,column,guided,2,0.654692
10000x10000,2,column,guided,3,0.634029
10000x10000,2,column,guided,4,0.635050
10000x10000,2,column,guided,5,0.640325
10000x10000,2,column,guided,Average,0.640208
10000x10000,2,column,runtime,1,0.640771
10000x10000,2,column,runtime,2,0.634855
10000x10000,2,column,runtime,3,0.638975
10000x10000,2,column,runtime,4,0.653672
10000x10000,2,column,runtime,5,0.636101
10000x10000,2,column,runtime,Average,0.640875
100x100,4,row,static,1,0.002618
100x100,4,row,static,2,0.002369
100x100,4,row,static,3,0.002444
100x100,4,row,static,4,0.002323
100x100,4,row,static,5,0.002453
100x100,4,row,static,Average,0.002441
100x100,4,row,dynamic,1,0.002281
100x100,4,row,dynamic,2,0.002392
100x100,4,row,dynamic,3,0.002275
100x100,4,row,dynamic,4,0.002326
100x100,4,row,dynamic,5,0.002164
100x100,4,row,dynamic,Average,0.002288
100x100,4,row,guided,1,0.002317
100x100,4,row,guided,2,0.002081
100x100,4,row,guided,3,0.002128
100x100,4,row,guided,4,0.002192
100x100,4,row,guided,5,0.002256
100x100,4,row,guided,Average,0.002195
100x100,4,row,runtime,1,0.002074
100x100,4,row,runtime,2,0.002285
100x100,4,row,runtime,3,0.002120
100x100,4,row,runtime,4,0.002223
100x100,4,row,runtime,5,0.002300
100x100,4,row,runtime,Average,0.002200
100x100,4,row,static,1,0.002051
100x100,4,row,static,2,0.002092
100x100,4,row,static,3,0.002128
100x100,4,row,static,4,0.002069
100x100,4,row,static,5,0.002029
100x100,4,row,static,Average,0.002074
100x100,4,row,dynamic,1,0.002126
100x100,4,row,dynamic,2,0.002065
100x100,4,row,dynamic,3,0.002108
100x100,4,row,dynamic,4,0.002044
100x100,4,row,dynamic,5,0.002157
100x100,4,row,dynamic,Average,0.002100
100x100,4,row,guided,1,0.002063
100x100,4,row,guided,2,0.002139
100x100,4,row,guided,3,0.002304
100x100,4,row,guided,4,0.002075
100x100,4,row,guided,5,0.002131
100x100,4,row,guided,Average,0.002142
100x100,4,row,runtime,1,0.002198
100x100,4,row,runtime,2,0.001971
100x100,4,row,runtime,3,0.002132
100x100,4,row,runtime,4,0.002023
100x100,4,row,runtime,5,0.002030
100x100,4,row,runtime,Average,0.002071
100x100,4,column,static,1,0.002067
100x100,4,column,static,2,0.002136
100x100,4,column,static,3,0.002097
100x100,4,column,static,4,0.002217
100x100,4,column,static,5,0.002147
100x100,4,column,static,Average,0.002133
100x100,4,column,dynamic,1,0.002125
100x100,4,column,dynamic,2,0.002129
100x100,4,column,dynamic,3,0.002158
100x100,4,column,dynamic,4,0.002071
100x100,4,column,dynamic,5,0.002134
100x100,4,column,dynamic,Average,0.002123
100x100,4,column,guided,1,0.002041
100x100,4,column,guided,2,0.002050
100x100,4,column,guided,3,0.002134
100x100,4,column,guided,4,0.002144
100x100,4,column,guided,5,0.002124
100x100,4,column,guided,Average,0.002098
100x100,4,column,runtime,1,0.002163
100x100,4,column,runtime,2,0.002151
100x100,4,column,runtime,3,0.002144
100x100,4,column,runtime,4,0.001989
100x100,4,column,runtime,5,0.002184
100x100,4,column,runtime,Average,0.002126
100x100,4,column,static,1,0.001981
100x100,4,column,static,2,0.002068
100x100,4,column,static,3,0.002035
100x100,4,column,static,4,0.002058
100x100,4,column,static,5,0.002127
100x100,4,column,static,Average,0.002054
100x100,4,column,dynamic,1,0.002076
100x100,4,column,dynamic,2,0.002055
100x100,4,column,dynamic,3,0.002068
100x100,4,column,dynamic,4,0.002156
100x100,4,column,dynamic,5,0.002048
100x100,4,column,dynamic,Average,0.002081
100x100,4,column,guided,1,0.002053
100x100,4,column,guided,2,0.002009
100x100,4,column,guided,3,0.002054
100x100,4,column,guided,4,0.001935
100x100,4,column,guided,5,0.002038
100x100,4,column,guided,Average,0.002018
100x100,4,column,runtime,1,0.001948
100x100,4,column,runtime,2,0.001898
100x100,4,column,runtime,3,0.001867
100x100,4,column,runtime,4,0.002205
100x100,4,column,runtime,5,0.001931
100x100,4,column,runtime,Average,0.001970
1000x1000,4,row,static,1,0.015415
1000x1000,4,row,static,2,0.015684
1000x1000,4,row,static,3,0.015573
1000x1000,4,row,static,4,0.015728
1000x1000,4,row,static,5,0.015698
1000x1000,4,row,static,Average,0.015619
1000x1000,4,row,dynamic,1,0.015856
1000x1000,4,row,dynamic,2,0.015617
1000x1000,4,row,dynamic,3,0.015570
1000x1000,4,row,dynamic,4,0.015543
1000x1000,4,row,dynamic,5,0.015615
1000x1000,4,row,dynamic,Average,0.015640
1000x1000,4,row,guided,1,0.015714
1000x1000,4,row,guided,2,0.015912
1000x1000,4,row,guided,3,0.025073
1000x1000,4,row,guided,4,0.015748
1000x1000,4,row,guided,5,0.015634
1000x1000,4,row,guided,Average,0.017616
1000x1000,4,row,runtime,1,0.015768
1000x1000,4,row,runtime,2,0.015652
1000x1000,4,row,runtime,3,0.015794
1000x1000,4,row,runtime,4,0.015221
1000x1000,4,row,runtime,5,0.015090
1000x1000,4,row,runtime,Average,0.015505
1000x1000,4,row,static,1,0.010424
1000x1000,4,row,static,2,0.010553
1000x1000,4,row,static,3,0.010826
1000x1000,4,row,static,4,0.010641
1000x1000,4,row,static,5,0.010913
1000x1000,4,row,static,Average,0.010671
1000x1000,4,row,dynamic,1,0.010641
1000x1000,4,row,dynamic,2,0.010647
1000x1000,4,row,dynamic,3,0.010680
1000x1000,4,row,dynamic,4,0.010666
1000x1000,4,row,dynamic,5,0.010707
1000x1000,4,row,dynamic,Average,0.010668
1000x1000,4,row,guided,1,0.010647
1000x1000,4,row,guided,2,0.010605
1000x1000,4,row,guided,3,0.010612
1000x1000,4,row,guided,4,0.010662
1000x1000,4,row,guided,5,0.010568
1000x1000,4,row,guided,Average,0.010619
1000x1000,4,row,runtime,1,0.010717
1000x1000,4,row,runtime,2,0.010566
1000x1000,4,row,runtime,3,0.010576
1000x1000,4,row,runtime,4,0.010747
1000x1000,4,row,runtime,5,0.010687
1000x1000,4,row,runtime,Average,0.010659
1000x1000,4,column,static,1,0.017786
1000x1000,4,column,static,2,0.017137
1000x1000,4,column,static,3,0.017177
1000x1000,4,column,static,4,0.017063
1000x1000,4,column,static,5,0.017608
1000x1000,4,column,static,Average,0.017354
1000x1000,4,column,dynamic,1,0.016941
1000x1000,4,column,dynamic,2,0.017229
1000x1000,4,column,dynamic,3,0.017462
1000x1000,4,column,dynamic,4,0.016919
1000x1000,4,column,dynamic,5,0.026523
1000x1000,4,column,dynamic,Average,0.019015
1000x1000,4,column,guided,1,0.016849
1000x1000,4,column,guided,2,0.016623
1000x1000,4,column,guided,3,0.016885
1000x1000,4,column,guided,4,0.016832
1000x1000,4,column,guided,5,0.016817
1000x1000,4,column,guided,Average,0.016801
1000x1000,4,column,runtime,1,0.016652
1000x1000,4,column,runtime,2,0.016791
1000x1000,4,column,runtime,3,0.016956
1000x1000,4,column,runtime,4,0.017095
1000x1000,4,column,runtime,5,0.017000
1000x1000,4,column,runtime,Average,0.016899
1000x1000,4,column,static,1,0.010581
1000x1000,4,column,static,2,0.010732
1000x1000,4,column,static,3,0.010673
1000x1000,4,column,static,4,0.010618
1000x1000,4,column,static,5,0.010607
1000x1000,4,column,static,Average,0.010642
1000x1000,4,column,dynamic,1,0.010571
1000x1000,4,column,dynamic,2,0.010628
1000x1000,4,column,dynamic,3,0.010666
1000x1000,4,column,dynamic,4,0.010596
1000x1000,4,column,dynamic,5,0.010669
1000x1000,4,column,dynamic,Average,0.010626
1000x1000,4,column,guided,1,0.010572
1000x1000,4,column,guided,2,0.010676
1000x1000,4,column,guided,3,0.010687
1000x1000,4,column,guided,4,0.019071
1000x1000,4,column,guided,5,0.011859
1000x1000,4,column,guided,Average,0.012573
1000x1000,4,column,runtime,1,0.010644
1000x1000,4,column,runtime,2,0.010937
1000x1000,4,column,runtime,3,0.010675
1000x1000,4,column,runtime,4,0.010887
1000x1000,4,column,runtime,5,0.010557
1000x1000,4,column,runtime,Average,0.010740
5000x5000,4,row,static,1,0.223754
5000x5000,4,row,static,2,0.224276
5000x5000,4,row,static,3,0.226749
5000x5000,4,row,static,4,0.224973
5000x5000,4,row,static,5,0.224949
5000x5000,4,row,static,Average,0.224940
5000x5000,4,row,dynamic,1,0.225521
5000x5000,4,row,dynamic,2,0.225454
5000x5000,4,row,dynamic,3,0.224910
5000x5000,4,row,dynamic,4,0.225962
5000x5000,4,row,dynamic,5,0.226737
5000x5000,4,row,dynamic,Average,0.225717
5000x5000,4,row,guided,1,0.226180
5000x5000,4,row,guided,2,0.225446
5000x5000,4,row,guided,3,0.224309
5000x5000,4,row,guided,4,0.226551
5000x5000,4,row,guided,5,0.224203
5000x5000,4,row,guided,Average,0.225338
5000x5000,4,row,runtime,1,0.225036
5000x5000,4,row,runtime,2,0.223876
5000x5000,4,row,runtime,3,0.226657
5000x5000,4,row,runtime,4,0.225033
5000x5000,4,row,runtime,5,0.225675
5000x5000,4,row,runtime,Average,0.225255
5000x5000,4,row,static,1,0.168155
5000x5000,4,row,static,2,0.167713
5000x5000,4,row,static,3,0.169408
5000x5000,4,row,static,4,0.167889
5000x5000,4,row,static,5,0.169616
5000x5000,4,row,static,Average,0.168556
5000x5000,4,row,dynamic,1,0.168163
5000x5000,4,row,dynamic,2,0.168013
5000x5000,4,row,dynamic,3,0.167269
5000x5000,4,row,dynamic,4,0.170014
5000x5000,4,row,dynamic,5,0.167363
5000x5000,4,row,dynamic,Average,0.168165
5000x5000,4,row,guided,1,0.167741
5000x5000,4,row,guided,2,0.168000
5000x5000,4,row,guided,3,0.168339
5000x5000,4,row,guided,4,0.168310
5000x5000,4,row,guided,5,0.169853
5000x5000,4,row,guided,Average,0.168449
5000x5000,4,row,runtime,1,0.171416
5000x5000,4,row,runtime,2,0.169423
5000x5000,4,row,runtime,3,0.167727
5000x5000,4,row,runtime,4,0.168388
5000x5000,4,row,runtime,5,0.167915
5000x5000,4,row,runtime,Average,0.168974
5000x5000,4,column,static,1,0.325028
5000x5000,4,column,static,2,0.324548
5000x5000,4,column,static,3,0.336297
5000x5000,4,column,static,4,0.329118
5000x5000,4,column,static,5,0.325213
5000x5000,4,column,static,Average,0.328041
5000x5000,4,column,dynamic,1,0.327869
5000x5000,4,column,dynamic,2,0.327347
5000x5000,4,column,dynamic,3,0.326713
5000x5000,4,column,dynamic,4,0.326503
5000x5000,4,column,dynamic,5,0.324186
5000x5000,4,column,dynamic,Average,0.326523
5000x5000,4,column,guided,1,0.325796
5000x5000,4,column,guided,2,0.325948
5000x5000,4,column,guided,3,0.326132
5000x5000,4,column,guided,4,0.324764
5000x5000,4,column,guided,5,0.325547
5000x5000,4,column,guided,Average,0.325637
5000x5000,4,column,runtime,1,0.333561
5000x5000,4,column,runtime,2,0.324521
5000x5000,4,column,runtime,3,0.325466
5000x5000,4,column,runtime,4,0.327847
5000x5000,4,column,runtime,5,0.327137
5000x5000,4,column,runtime,Average,0.327706
5000x5000,4,column,static,1,0.168572
5000x5000,4,column,static,2,0.168253
5000x5000,4,column,static,3,0.168905
5000x5000,4,column,static,4,0.168524
5000x5000,4,column,static,5,0.168126
5000x5000,4,column,static,Average,0.168476
5000x5000,4,column,dynamic,1,0.171471
5000x5000,4,column,dynamic,2,0.169556
5000x5000,4,column,dynamic,3,0.167201
5000x5000,4,column,dynamic,4,0.168178
5000x5000,4,column,dynamic,5,0.167663
5000x5000,4,column,dynamic,Average,0.168814
5000x5000,4,column,guided,1,0.167211
5000x5000,4,column,guided,2,0.168887
5000x5000,4,column,guided,3,0.169131
5000x5000,4,column,guided,4,0.166761
5000x5000,4,column,guided,5,0.167071
5000x5000,4,column,guided,Average,0.167812
5000x5000,4,column,runtime,1,0.169962
5000x5000,4,column,runtime,2,0.167181
5000x5000,4,column,runtime,3,0.168117
5000x5000,4,column,runtime,4,0.168174
5000x5000,4,column,runtime,5,0.167324
5000x5000,4,column,runtime,Average,0.168151
10000x10000,4,row,static,1,0.802083
10000x10000,4,row,static,2,0.809173
10000x10000,4,row,static,3,0.813684
10000x10000,4,row,static,4,0.802819
10000x10000,4,row,static,5,0.798845
10000x10000,4,row,static,Average,0.805321
10000x10000,4,row,dynamic,1,0.804538
10000x10000,4,row,dynamic,2,0.812792
10000x10000,4,row,dynamic,3,0.809515
10000x10000,4,row,dynamic,4,0.808977
10000x10000,4,row,dynamic,5,0.806908
10000x10000,4,row,dynamic,Average,0.808546
10000x10000,4,row,guided,1,0.804615
10000x10000,4,row,guided,2,0.805838
10000x10000,4,row,guided,3,0.802258
10000x10000,4,row,guided,4,0.803795
10000x10000,4,row,guided,5,0.803799
10000x10000,4,row,guided,Average,0.804061
10000x10000,4,row,runtime,1,0.805091
10000x10000,4,row,runtime,2,0.805981
10000x10000,4,row,runtime,3,0.803136
10000x10000,4,row,runtime,4,0.804600
10000x10000,4,row,runtime,5,0.806846
10000x10000,4,row,runtime,Average,0.805131
10000x10000,4,row,static,1,0.633713
10000x10000,4,row,static,2,0.637672
10000x10000,4,row,static,3,0.640470
10000x10000,4,row,static,4,0.657293
10000x10000,4,row,static,5,0.637585
10000x10000,4,row,static,Average,0.641347
10000x10000,4,row,dynamic,1,0.637299
10000x10000,4,row,dynamic,2,0.637137
10000x10000,4,row,dynamic,3,0.634310
10000x10000,4,row,dynamic,4,0.637322
10000x10000,4,row,dynamic,5,0.639485
10000x10000,4,row,dynamic,Average,0.637111
10000x10000,4,row,guided,1,0.636287
10000x10000,4,row,guided,2,0.642898
10000x10000,4,row,guided,3,0.655860
10000x10000,4,row,guided,4,0.636606
10000x10000,4,row,guided,5,0.634736
10000x10000,4,row,guided,Average,0.641277
10000x10000,4,row,runtime,1,0.639478
10000x10000,4,row,runtime,2,0.639606
10000x10000,4,row,runtime,3,0.638741
10000x10000,4,row,runtime,4,0.637829
10000x10000,4,row,runtime,5,0.632945
10000x10000,4,row,runtime,Average,0.637720
10000x10000,4,column,static,1,1.351523
10000x10000,4,column,static,2,1.346550
10000x10000,4,column,static,3,1.331670
10000x10000,4,column,static,4,1.344266
10000x10000,4,column,static,5,1.332953
10000x10000,4,column,static,Average,1.341392
10000x10000,4,column,dynamic,1,1.335712
10000x10000,4,column,dynamic,2,1.333030
10000x10000,4,column,dynamic,3,1.333209
10000x10000,4,column,dynamic,4,1.335125
10000x10000,4,column,dynamic,5,1.356587
10000x10000,4,column,dynamic,Average,1.338733
10000x10000,4,column,guided,1,1.346020
10000x10000,4,column,guided,2,1.341651
10000x10000,4,column,guided,3,1.340551
10000x10000,4,column,guided,4,1.339914
10000x10000,4,column,guided,5,1.341948
10000x10000,4,column,guided,Average,1.342017
10000x10000,4,column,runtime,1,1.348638
10000x10000,4,column,runtime,2,1.333754
10000x10000,4,column,runtime,3,1.338214
10000x10000,4,column,runtime,4,1.329498
10000x10000,4,column,runtime,5,1.333713
10000x10000,4,column,runtime,Average,1.336763
10000x10000,4,column,static,1,0.634609
10000x10000,4,column,static,2,0.636069
10000x10000,4,column,static,3,0.632497
10000x10000,4,column,static,4,0.633242
10000x10000,4,column,static,5,0.632102
10000x10000,4,column,static,Average,0.633704
10000x10000,4,column,dynamic,1,0.637858
10000x10000,4,column,dynamic,2,0.633625
10000x10000,4,column,dynamic,3,0.633720
10000x10000,4,column,dynamic,4,0.635575
10000x10000,4,column,dynamic,5,0.636358
10000x10000,4,column,dynamic,Average,0.635427
10000x10000,4,column,guided,1,0.635779
10000x10000,4,column,guided,2,0.635229
10000x10000,4,column,guided,3,0.635788
10000x10000,4,column,guided,4,0.635058
10000x10000,4,column,guided,5,0.632807
10000x10000,4,column,guided,Average,0.634932
10000x10000,4,column,runtime,1,0.638941
10000x10000,4,column,runtime,2,0.633794
10000x10000,4,column,runtime,3,0.632022
10000x10000,4,column,runtime,4,0.634946
10000x10000,4,column,runtime,5,0.632191
10000x10000,4,column,runtime,Average,0.634379
100x100,8,row,static,1,0.002612
100x100,8,row,static,2,0.002656
100x100,8,row,static,3,0.002447
100x100,8,row,static,4,0.002146
100x100,8,row,static,5,0.002327
100x100,8,row,static,Average,0.002438
100x100,8,row,dynamic,1,0.002163
100x100,8,row,dynamic,2,0.002488
100x100,8,row,dynamic,3,0.002254
100x100,8,row,dynamic,4,0.002228
100x100,8,row,dynamic,5,0.002464
100x100,8,row,dynamic,Average,0.002319
100x100,8,row,guided,1,0.002100
100x100,8,row,guided,2,0.002090
100x100,8,row,guided,3,0.001955
100x100,8,row,guided,4,0.002244
100x100,8,row,guided,5,0.002062
100x100,8,row,guided,Average,0.002090
100x100,8,row,runtime,1,0.002209
100x100,8,row,runtime,2,0.002239
100x100,8,row,runtime,3,0.002096
100x100,8,row,runtime,4,0.002315
100x100,8,row,runtime,5,0.002324
100x100,8,row,runtime,Average,0.002237
100x100,8,row,static,1,0.002034
100x100,8,row,static,2,0.002178
100x100,8,row,static,3,0.002132
100x100,8,row,static,4,0.002072
100x100,8,row,static,5,0.002105
100x100,8,row,static,Average,0.002104
100x100,8,row,dynamic,1,0.002176
100x100,8,row,dynamic,2,0.002195
100x100,8,row,dynamic,3,0.002042
100x100,8,row,dynamic,4,0.002134
100x100,8,row,dynamic,5,0.002114
100x100,8,row,dynamic,Average,0.002132
100x100,8,row,guided,1,0.004806
100x100,8,row,guided,2,0.002199
100x100,8,row,guided,3,0.002094
100x100,8,row,guided,4,0.002086
100x100,8,row,guided,5,0.002089
100x100,8,row,guided,Average,0.002655
100x100,8,row,runtime,1,0.002009
100x100,8,row,runtime,2,0.002183
100x100,8,row,runtime,3,0.002067
100x100,8,row,runtime,4,0.002109
100x100,8,row,runtime,5,0.002136
100x100,8,row,runtime,Average,0.002101
100x100,8,column,static,1,0.002276
100x100,8,column,static,2,0.002217
100x100,8,column,static,3,0.002215
100x100,8,column,static,4,0.002100
100x100,8,column,static,5,0.002286
100x100,8,column,static,Average,0.002219
100x100,8,column,dynamic,1,0.002223
100x100,8,column,dynamic,2,0.002088
100x100,8,column,dynamic,3,0.002223
100x100,8,column,dynamic,4,0.002176
100x100,8,column,dynamic,5,0.002233
100x100,8,column,dynamic,Average,0.002189
100x100,8,column,guided,1,0.002272
100x100,8,column,guided,2,0.002115
100x100,8,column,guided,3,0.002204
100x100,8,column,guided,4,0.002236
100x100,8,column,guided,5,0.003371
100x100,8,column,guided,Average,0.002440
100x100,8,column,runtime,1,0.002251
100x100,8,column,runtime,2,0.002145
100x100,8,column,runtime,3,0.002159
100x100,8,column,runtime,4,0.002329
100x100,8,column,runtime,5,0.002119
100x100,8,column,runtime,Average,0.002200
100x100,8,column,static,1,0.002141
100x100,8,column,static,2,0.002208
100x100,8,column,static,3,0.002105
100x100,8,column,static,4,0.002075
100x100,8,column,static,5,0.002176
100x100,8,column,static,Average,0.002141
100x100,8,column,dynamic,1,0.002003
100x100,8,column,dynamic,2,0.002169
100x100,8,column,dynamic,3,0.002117
100x100,8,column,dynamic,4,0.002077
100x100,8,column,dynamic,5,0.002036
100x100,8,column,dynamic,Average,0.002080
100x100,8,column,guided,1,0.002181
100x100,8,column,guided,2,0.002162
100x100,8,column,guided,3,0.002051
100x100,8,column,guided,4,0.001991
100x100,8,column,guided,5,0.002185
100x100,8,column,guided,Average,0.002114
100x100,8,column,runtime,1,0.002020
100x100,8,column,runtime,2,0.002055
100x100,8,column,runtime,3,0.001968
100x100,8,column,runtime,4,0.002037
100x100,8,column,runtime,5,0.002012
100x100,8,column,runtime,Average,0.002018
1000x1000,8,row,static,1,0.015834
1000x1000,8,row,static,2,0.015542
1000x1000,8,row,static,3,0.015702
1000x1000,8,row,static,4,0.015686
1000x1000,8,row,static,5,0.015831
1000x1000,8,row,static,Average,0.015719
1000x1000,8,row,dynamic,1,0.015746
1000x1000,8,row,dynamic,2,0.016293
1000x1000,8,row,dynamic,3,0.015734
1000x1000,8,row,dynamic,4,0.015798
1000x1000,8,row,dynamic,5,0.015763
1000x1000,8,row,dynamic,Average,0.015867
1000x1000,8,row,guided,1,0.015688
1000x1000,8,row,guided,2,0.015778
1000x1000,8,row,guided,3,0.015706
1000x1000,8,row,guided,4,0.015677
1000x1000,8,row,guided,5,0.015679
1000x1000,8,row,guided,Average,0.015706
1000x1000,8,row,runtime,1,0.015913
1000x1000,8,row,runtime,2,0.016021
1000x1000,8,row,runtime,3,0.015631
1000x1000,8,row,runtime,4,0.015406
1000x1000,8,row,runtime,5,0.015602
1000x1000,8,row,runtime,Average,0.015715
1000x1000,8,row,static,1,0.010619
1000x1000,8,row,static,2,0.010705
1000x1000,8,row,static,3,0.010664
1000x1000,8,row,static,4,0.010611
1000x1000,8,row,static,5,0.010762
1000x1000,8,row,static,Average,0.010672
1000x1000,8,row,dynamic,1,0.010616
1000x1000,8,row,dynamic,2,0.010607
1000x1000,8,row,dynamic,3,0.010652
1000x1000,8,row,dynamic,4,0.010693
1000x1000,8,row,dynamic,5,0.010611
1000x1000,8,row,dynamic,Average,0.010636
1000x1000,8,row,guided,1,0.010658
1000x1000,8,row,guided,2,0.010695
1000x1000,8,row,guided,3,0.010622
1000x1000,8,row,guided,4,0.010511
1000x1000,8,row,guided,5,0.010700
1000x1000,8,row,guided,Average,0.010637
1000x1000,8,row,runtime,1,0.010577
1000x1000,8,row,runtime,2,0.010709
1000x1000,8,row,runtime,3,0.010694
1000x1000,8,row,runtime,4,0.010713
1000x1000,8,row,runtime,5,0.010698
1000x1000,8,row,runtime,Average,0.010678
1000x1000,8,column,static,1,0.017126
1000x1000,8,column,static,2,0.016841
1000x1000,8,column,static,3,0.017143
1000x1000,8,column,static,4,0.017191
1000x1000,8,column,static,5,0.016720
1000x1000,8,column,static,Average,0.017004
1000x1000,8,column,dynamic,1,0.016900
1000x1000,8,column,dynamic,2,0.016806
1000x1000,8,column,dynamic,3,0.016717
1000x1000,8,column,dynamic,4,0.016580
1000x1000,8,column,dynamic,5,0.016731
1000x1000,8,column,dynamic,Average,0.016747
1000x1000,8,column,guided,1,0.017558
1000x1000,8,column,guided,2,0.017964
1000x1000,8,column,guided,3,0.017866
1000x1000,8,column,guided,4,0.017033
1000x1000,8,column,guided,5,0.016856
1000x1000,8,column,guided,Average,0.017455
1000x1000,8,column,runtime,1,0.016894
1000x1000,8,column,runtime,2,0.016745
1000x1000,8,column,runtime,3,0.016678
1000x1000,8,column,runtime,4,0.016711
1000x1000,8,column,runtime,5,0.016661
1000x1000,8,column,runtime,Average,0.016738
1000x1000,8,column,static,1,0.010726
1000x1000,8,column,static,2,0.010710
1000x1000,8,column,static,3,0.010656
1000x1000,8,column,static,4,0.010705
1000x1000,8,column,static,5,0.010638
1000x1000,8,column,static,Average,0.010687
1000x1000,8,column,dynamic,1,0.010550
1000x1000,8,column,dynamic,2,0.010737
1000x1000,8,column,dynamic,3,0.010750
1000x1000,8,column,dynamic,4,0.010636
1000x1000,8,column,dynamic,5,0.010637
1000x1000,8,column,dynamic,Average,0.010662
1000x1000,8,column,guided,1,0.010550
1000x1000,8,column,guided,2,0.010743
1000x1000,8,column,guided,3,0.010627
1000x1000,8,column,guided,4,0.010555
1000x1000,8,column,guided,5,0.010735
1000x1000,8,column,guided,Average,0.010642
1000x1000,8,column,runtime,1,0.010657
1000x1000,8,column,runtime,2,0.010661
1000x1000,8,column,runtime,3,0.010652
1000x1000,8,column,runtime,4,0.010695
1000x1000,8,column,runtime,5,0.010613
1000x1000,8,column,runtime,Average,0.010656
5000x5000,8,row,static,1,0.225861
5000x5000,8,row,static,2,0.224207
5000x5000,8,row,static,3,0.225059
5000x5000,8,row,static,4,0.223846
5000x5000,8,row,static,5,0.224955
5000x5000,8,row,static,Average,0.224786
5000x5000,8,row,dynamic,1,0.225240
5000x5000,8,row,dynamic,2,0.224592
5000x5000,8,row,dynamic,3,0.223912
5000x5000,8,row,dynamic,4,0.226787
5000x5000,8,row,dynamic,5,0.225345
5000x5000,8,row,dynamic,Average,0.225175
5000x5000,8,row,guided,1,0.225064
5000x5000,8,row,guided,2,0.224176
5000x5000,8,row,guided,3,0.223838
5000x5000,8,row,guided,4,0.224399
5000x5000,8,row,guided,5,0.223906
5000x5000,8,row,guided,Average,0.224277
5000x5000,8,row,runtime,1,0.224308
5000x5000,8,row,runtime,2,0.224077
5000x5000,8,row,runtime,3,0.225698
5000x5000,8,row,runtime,4,0.224620
5000x5000,8,row,runtime,5,0.223339
5000x5000,8,row,runtime,Average,0.224408
5000x5000,8,row,static,1,0.169588
5000x5000,8,row,static,2,0.167294
5000x5000,8,row,static,3,0.166816
5000x5000,8,row,static,4,0.168490
5000x5000,8,row,static,5,0.167427
5000x5000,8,row,static,Average,0.167923
5000x5000,8,row,dynamic,1,0.167423
5000x5000,8,row,dynamic,2,0.168706
5000x5000,8,row,dynamic,3,0.168346
5000x5000,8,row,dynamic,4,0.167295
5000x5000,8,row,dynamic,5,0.168532
5000x5000,8,row,dynamic,Average,0.168060
5000x5000,8,row,guided,1,0.167234
5000x5000,8,row,guided,2,0.167650
5000x5000,8,row,guided,3,0.167413
5000x5000,8,row,guided,4,0.166914
5000x5000,8,row,guided,5,0.167720
5000x5000,8,row,guided,Average,0.167386
5000x5000,8,row,runtime,1,0.167992
5000x5000,8,row,runtime,2,0.167275
5000x5000,8,row,runtime,3,0.168776
5000x5000,8,row,runtime,4,0.169356
5000x5000,8,row,runtime,5,0.168980
5000x5000,8,row,runtime,Average,0.168476
5000x5000,8,column,static,1,0.326615
5000x5000,8,column,static,2,0.327231
5000x5000,8,column,static,3,0.327475
5000x5000,8,column,static,4,0.326935
5000x5000,8,column,static,5,0.333021
5000x5000,8,column,static,Average,0.328255
5000x5000,8,column,dynamic,1,0.331792
5000x5000,8,column,dynamic,2,0.326020
5000x5000,8,column,dynamic,3,0.330006
5000x5000,8,column,dynamic,4,0.328269
5000x5000,8,column,dynamic,5,0.332102
5000x5000,8,column,dynamic,Average,0.329638
5000x5000,8,column,guided,1,0.329453
5000x5000,8,column,guided,2,0.328038
5000x5000,8,column,guided,3,0.325105
5000x5000,8,column,guided,4,0.325294
5000x5000,8,column,guided,5,0.327991
5000x5000,8,column,guided,Average,0.327176
5000x5000,8,column,runtime,1,0.326218
5000x5000,8,column,runtime,2,0.329423
5000x5000,8,column,runtime,3,0.329793
5000x5000,8,column,runtime,4,0.327297
5000x5000,8,column,runtime,5,0.326111
5000x5000,8,column,runtime,Average,0.327769
5000x5000,8,column,static,1,0.169946
5000x5000,8,column,static,2,0.170640
5000x5000,8,column,static,3,0.167645
5000x5000,8,column,static,4,0.167725
5000x5000,8,column,static,5,0.168780
5000x5000,8,column,static,Average,0.168947
5000x5000,8,column,dynamic,1,0.168250
5000x5000,8,column,dynamic,2,0.167873
5000x5000,8,column,dynamic,3,0.169409
5000x5000,8,column,dynamic,4,0.168195
5000x5000,8,column,dynamic,5,0.169208
5000x5000,8,column,dynamic,Average,0.168587
5000x5000,8,column,guided,1,0.169159
5000x5000,8,column,guided,2,0.167655
5000x5000,8,column,guided,3,0.167643
5000x5000,8,column,guided,4,0.167308
5000x5000,8,column,guided,5,0.168162
5000x5000,8,column,guided,Average,0.167985
5000x5000,8,column,runtime,1,0.168464
5000x5000,8,column,runtime,2,0.168501
5000x5000,8,column,runtime,3,0.168090
5000x5000,8,column,runtime,4,0.168614
5000x5000,8,column,runtime,5,0.167396
5000x5000,8,column,runtime,Average,0.168213
10000x10000,8,row,static,1,0.800963
10000x10000,8,row,static,2,0.799668
10000x10000,8,row,static,3,0.803529
10000x10000,8,row,static,4,0.802949
10000x10000,8,row,static,5,0.802560
10000x10000,8,row,static,Average,0.801934
10000x10000,8,row,dynamic,1,0.799531
10000x10000,8,row,dynamic,2,0.799975
10000x10000,8,row,dynamic,3,0.799778
10000x10000,8,row,dynamic,4,0.801527
10000x10000,8,row,dynamic,5,0.803183
10000x10000,8,row,dynamic,Average,0.800799
10000x10000,8,row,guided,1,0.806533
10000x10000,8,row,guided,2,0.799597
10000x10000,8,row,guided,3,0.799989
10000x10000,8,row,guided,4,0.801356
10000x10000,8,row,guided,5,0.810330
10000x10000,8,row,guided,Average,0.803561
10000x10000,8,row,runtime,1,0.799894
10000x10000,8,row,runtime,2,0.800537
10000x10000,8,row,runtime,3,0.803633
10000x10000,8,row,runtime,4,0.802809
10000x10000,8,row,runtime,5,0.798567
10000x10000,8,row,runtime,Average,0.801088
10000x10000,8,row,static,1,0.642425
10000x10000,8,row,static,2,0.638566
10000x10000,8,row,static,3,0.634454
10000x10000,8,row,static,4,0.636050
10000x10000,8,row,static,5,0.635504
10000x10000,8,row,static,Average,0.637400
10000x10000,8,row,dynamic,1,0.638976
10000x10000,8,row,dynamic,2,0.642302
10000x10000,8,row,dynamic,3,0.633530
10000x10000,8,row,dynamic,4,0.636603
10000x10000,8,row,dynamic,5,0.636850
10000x10000,8,row,dynamic,Average,0.637652
10000x10000,8,row,guided,1,0.634886
10000x10000,8,row,guided,2,0.635385
10000x10000,8,row,guided,3,0.639651
10000x10000,8,row,guided,4,0.634243
10000x10000,8,row,guided,5,0.636935
10000x10000,8,row,guided,Average,0.636220
10000x10000,8,row,runtime,1,0.635280
10000x10000,8,row,runtime,2,0.637589
10000x10000,8,row,runtime,3,0.636385
10000x10000,8,row,runtime,4,0.634273
10000x10000,8,row,runtime,5,0.633803
10000x10000,8,row,runtime,Average,0.635466
10000x10000,8,column,static,1,1.336427
10000x10000,8,column,static,2,1.335522
10000x10000,8,column,static,3,1.336381
10000x10000,8,column,static,4,1.332413
10000x10000,8,column,static,5,1.345576
10000x10000,8,column,static,Average,1.337264
10000x10000,8,column,dynamic,1,1.333586
10000x10000,8,column,dynamic,2,1.337619
10000x10000,8,column,dynamic,3,1.332781
10000x10000,8,column,dynamic,4,1.330052
10000x10000,8,column,dynamic,5,1.328566
10000x10000,8,column,dynamic,Average,1.332521
10000x10000,8,column,guided,1,1.329920
10000x10000,8,column,guided,2,1.334199
10000x10000,8,column,guided,3,1.331117
10000x10000,8,column,guided,4,1.332915
10000x10000,8,column,guided,5,1.330120
10000x10000,8,column,guided,Average,1.331654
10000x10000,8,column,runtime,1,1.346187
10000x10000,8,column,runtime,2,1.359674
10000x10000,8,column,runtime,3,1.353690
10000x10000,8,column,runtime,4,1.345873
10000x10000,8,column,runtime,5,1.354272
10000x10000,8,column,runtime,Average,1.351939
10000x10000,8,column,static,1,0.636275
10000x10000,8,column,static,2,0.637735
10000x10000,8,column,static,3,0.636741
10000x10000,8,column,static,4,0.636495
10000x10000,8,column,static,5,0.635546
10000x10000,8,column,static,Average,0.636559
10000x10000,8,column,dynamic,1,0.638829
10000x10000,8,column,dynamic,2,0.638301
10000x10000,8,column,dynamic,3,0.632733
10000x10000,8,column,dynamic,4,0.651992
10000x10000,8,column,dynamic,5,0.646247
10000x10000,8,column,dynamic,Average,0.641620
10000x10000,8,column,guided,1,0.658136
10000x10000,8,column,guided,2,0.639639
10000x10000,8,column,guided,3,0.633532
10000x10000,8,column,guided,4,0.636307
10000x10000,8,column,guided,5,0.632795
10000x10000,8,column,guided,Average,0.640082
10000x10000,8,column,runtime,1,0.634786
10000x10000,8,column,runtime,2,0.639004
10000x10000,8,column,runtime,3,0.636552
10000x10000,8,column,runtime,4,0.634967
10000x10000,8,column,runtime,5,0.638395
10000x10000,8,column,runtime,Average,0.636741
100x100,16,row,static,1,0.002813
100x100,16,row,static,2,0.002488
100x100,16,row,static,3,0.002484
100x100,16,row,static,4,0.002368
100x100,16,row,static,5,0.002587
100x100,16,row,static,Average,0.002548
100x100,16,row,dynamic,1,0.002412
100x100,16,row,dynamic,2,0.002549
100x100,16,row,dynamic,3,0.002384
100x100,16,row,dynamic,4,0.002547
100x100,16,row,dynamic,5,0.002242
100x100,16,row,dynamic,Average,0.002427
100x100,16,row,guided,1,0.002165
100x100,16,row,guided,2,0.002458
100x100,16,row,guided,3,0.002162
100x100,16,row,guided,4,0.002372
100x100,16,row,guided,5,0.002243
100x100,16,row,guided,Average,0.002280
100x100,16,row,runtime,1,0.002229
100x100,16,row,runtime,2,0.002310
100x100,16,row,runtime,3,0.002173
100x100,16,row,runtime,4,0.002196
100x100,16,row,runtime,5,0.002315
100x100,16,row,runtime,Average,0.002245
100x100,16,row,static,1,0.002136
100x100,16,row,static,2,0.002102
100x100,16,row,static,3,0.002114
100x100,16,row,static,4,0.002171
100x100,16,row,static,5,0.002159
100x100,16,row,static,Average,0.002137
100x100,16,row,dynamic,1,0.002158
100x100,16,row,dynamic,2,0.002143
100x100,16,row,dynamic,3,0.002189
100x100,16,row,dynamic,4,0.002182
100x100,16,row,dynamic,5,0.002086
100x100,16,row,dynamic,Average,0.002152
100x100,16,row,guided,1,0.002187
100x100,16,row,guided,2,0.002084
100x100,16,row,guided,3,0.002091
100x100,16,row,guided,4,0.002103
100x100,16,row,guided,5,0.002150
100x100,16,row,guided,Average,0.002123
100x100,16,row,runtime,1,0.004220
100x100,16,row,runtime,2,0.004666
100x100,16,row,runtime,3,0.004765
100x100,16,row,runtime,4,0.004858
100x100,16,row,runtime,5,0.004794
100x100,16,row,runtime,Average,0.004661
100x100,16,column,static,1,0.005041
100x100,16,column,static,2,0.004954
100x100,16,column,static,3,0.005132
100x100,16,column,static,4,0.005069
100x100,16,column,static,5,0.004963
100x100,16,column,static,Average,0.005032
100x100,16,column,dynamic,1,0.005428
100x100,16,column,dynamic,2,0.005174
100x100,16,column,dynamic,3,0.009041
100x100,16,column,dynamic,4,0.005464
100x100,16,column,dynamic,5,0.005146
100x100,16,column,dynamic,Average,0.006051
100x100,16,column,guided,1,0.005067
100x100,16,column,guided,2,0.005101
100x100,16,column,guided,3,0.005053
100x100,16,column,guided,4,0.004995
100x100,16,column,guided,5,0.005057
100x100,16,column,guided,Average,0.005055
100x100,16,column,runtime,1,0.005006
100x100,16,column,runtime,2,0.005088
100x100,16,column,runtime,3,0.005106
100x100,16,column,runtime,4,0.005016
100x100,16,column,runtime,5,0.005060
100x100,16,column,runtime,Average,0.005055
100x100,16,column,static,1,0.004747
100x100,16,column,static,2,0.004948
100x100,16,column,static,3,0.004841
100x100,16,column,static,4,0.004872
100x100,16,column,static,5,0.004755
100x100,16,column,static,Average,0.004833
100x100,16,column,dynamic,1,0.004775
100x100,16,column,dynamic,2,0.004721
100x100,16,column,dynamic,3,0.004766
100x100,16,column,dynamic,4,0.004724
100x100,16,column,dynamic,5,0.004730
100x100,16,column,dynamic,Average,0.004743
100x100,16,column,guided,1,0.004769
100x100,16,column,guided,2,0.004727
100x100,16,column,guided,3,0.004811
100x100,16,column,guided,4,0.004851
100x100,16,column,guided,5,0.004769
100x100,16,column,guided,Average,0.004785
100x100,16,column,runtime,1,0.004788
100x100,16,column,runtime,2,0.004712
100x100,16,column,runtime,3,0.004759
100x100,16,column,runtime,4,0.004774
100x100,16,column,runtime,5,0.004762
100x100,16,column,runtime,Average,0.004759
1000x1000,16,row,static,1,0.030601
1000x1000,16,row,static,2,0.016251
1000x1000,16,row,static,3,0.015730
1000x1000,16,row,static,4,0.015884
1000x1000,16,row,static,5,0.015682
1000x1000,16,row,static,Average,0.018829
1000x1000,16,row,dynamic,1,0.015639
1000x1000,16,row,dynamic,2,0.015987
1000x1000,16,row,dynamic,3,0.015660
1000x1000,16,row,dynamic,4,0.015652
1000x1000,16,row,dynamic,5,0.015746
1000x1000,16,row,dynamic,Average,0.015737
1000x1000,16,row,guided,1,0.015779
1000x1000,16,row,guided,2,0.015722
1000x1000,16,row,guided,3,0.015689
1000x1000,16,row,guided,4,0.015841
1000x1000,16,row,guided,5,0.015571
1000x1000,16,row,guided,Average,0.015721
1000x1000,16,row,runtime,1,0.025098
1000x1000,16,row,runtime,2,0.016035
1000x1000,16,row,runtime,3,0.015707
1000x1000,16,row,runtime,4,0.015780
1000x1000,16,row,runtime,5,0.015654
1000x1000,16,row,runtime,Average,0.017655
1000x1000,16,row,static,1,0.010692
1000x1000,16,row,static,2,0.011102
1000x1000,16,row,static,3,0.010668
1000x1000,16,row,static,4,0.010920
1000x1000,16,row,static,5,0.010751
1000x1000,16,row,static,Average,0.010827
1000x1000,16,row,dynamic,1,0.010576
1000x1000,16,row,dynamic,2,0.010644
1000x1000,16,row,dynamic,3,0.010674
1000x1000,16,row,dynamic,4,0.010669
1000x1000,16,row,dynamic,5,0.010608
1000x1000,16,row,dynamic,Average,0.010634
1000x1000,16,row,guided,1,0.010623
1000x1000,16,row,guided,2,0.010654
1000x1000,16,row,guided,3,0.010902
1000x1000,16,row,guided,4,0.010597
1000x1000,16,row,guided,5,0.010728
1000x1000,16,row,guided,Average,0.010701
1000x1000,16,row,runtime,1,0.010580
1000x1000,16,row,runtime,2,0.010980
1000x1000,16,row,runtime,3,0.010704
1000x1000,16,row,runtime,4,0.010633
1000x1000,16,row,runtime,5,0.010616
1000x1000,16,row,runtime,Average,0.010703
1000x1000,16,column,static,1,0.017356
1000x1000,16,column,static,2,0.017255
1000x1000,16,column,static,3,0.017014
1000x1000,16,column,static,4,0.016721
1000x1000,16,column,static,5,0.016743
1000x1000,16,column,static,Average,0.017018
1000x1000,16,column,dynamic,1,0.037190
1000x1000,16,column,dynamic,2,0.020275
1000x1000,16,column,dynamic,3,0.019650
1000x1000,16,column,dynamic,4,0.016910
1000x1000,16,column,dynamic,5,0.016934
1000x1000,16,column,dynamic,Average,0.022192
1000x1000,16,column,guided,1,0.017042
1000x1000,16,column,guided,2,0.016793
1000x1000,16,column,guided,3,0.016853
1000x1000,16,column,guided,4,0.016853
1000x1000,16,column,guided,5,0.016805
1000x1000,16,column,guided,Average,0.016869
1000x1000,16,column,runtime,1,0.016930
1000x1000,16,column,runtime,2,0.016792
1000x1000,16,column,runtime,3,0.026616
1000x1000,16,column,runtime,4,0.017020
1000x1000,16,column,runtime,5,0.016893
1000x1000,16,column,runtime,Average,0.018850
1000x1000,16,column,static,1,0.010690
1000x1000,16,column,static,2,0.010659
1000x1000,16,column,static,3,0.010813
1000x1000,16,column,static,4,0.010755
1000x1000,16,column,static,5,0.010746
1000x1000,16,column,static,Average,0.010732
1000x1000,16,column,dynamic,1,0.010681
1000x1000,16,column,dynamic,2,0.010954
1000x1000,16,column,dynamic,3,0.010741
1000x1000,16,column,dynamic,4,0.010772
1000x1000,16,column,dynamic,5,0.010638
1000x1000,16,column,dynamic,Average,0.010757
1000x1000,16,column,guided,1,0.010762
1000x1000,16,column,guided,2,0.011015
1000x1000,16,column,guided,3,0.011090
1000x1000,16,column,guided,4,0.010768
1000x1000,16,column,guided,5,0.010683
1000x1000,16,column,guided,Average,0.010864
1000x1000,16,column,runtime,1,0.010761
1000x1000,16,column,runtime,2,0.010623
1000x1000,16,column,runtime,3,0.010772
1000x1000,16,column,runtime,4,0.010637
1000x1000,16,column,runtime,5,0.010662
1000x1000,16,column,runtime,Average,0.010691
5000x5000,16,row,static,1,0.223849
5000x5000,16,row,static,2,0.224091
5000x5000,16,row,static,3,0.225746
5000x5000,16,row,static,4,0.224741
5000x5000,16,row,static,5,0.224537
5000x5000,16,row,static,Average,0.224593
5000x5000,16,row,dynamic,1,0.223116
5000x5000,16,row,dynamic,2,0.224705
5000x5000,16,row,dynamic,3,0.226068
5000x5000,16,row,dynamic,4,0.223722
5000x5000,16,row,dynamic,5,0.227530
5000x5000,16,row,dynamic,Average,0.225028
5000x5000,16,row,guided,1,0.223832
5000x5000,16,row,guided,2,0.225062
5000x5000,16,row,guided,3,0.223588
5000x5000,16,row,guided,4,0.226129
5000x5000,16,row,guided,5,0.225356
5000x5000,16,row,guided,Average,0.224793
5000x5000,16,row,runtime,1,0.225035
5000x5000,16,row,runtime,2,0.224355
5000x5000,16,row,runtime,3,0.223924
5000x5000,16,row,runtime,4,0.225896
5000x5000,16,row,runtime,5,0.224906
5000x5000,16,row,runtime,Average,0.224823
5000x5000,16,row,static,1,0.168446
5000x5000,16,row,static,2,0.167629
5000x5000,16,row,static,3,0.170663
5000x5000,16,row,static,4,0.168101
5000x5000,16,row,static,5,0.167298
5000x5000,16,row,static,Average,0.168428
5000x5000,16,row,dynamic,1,0.168146
5000x5000,16,row,dynamic,2,0.170260
5000x5000,16,row,dynamic,3,0.167507
5000x5000,16,row,dynamic,4,0.168850
5000x5000,16,row,dynamic,5,0.168650
5000x5000,16,row,dynamic,Average,0.168683
5000x5000,16,row,guided,1,0.167781
5000x5000,16,row,guided,2,0.168372
5000x5000,16,row,guided,3,0.168260
5000x5000,16,row,guided,4,0.168932
5000x5000,16,row,guided,5,0.168147
5000x5000,16,row,guided,Average,0.168298
5000x5000,16,row,runtime,1,0.171375
5000x5000,16,row,runtime,2,0.167420
5000x5000,16,row,runtime,3,0.168217
5000x5000,16,row,runtime,4,0.169085
5000x5000,16,row,runtime,5,0.169868
5000x5000,16,row,runtime,Average,0.169193
5000x5000,16,column,static,1,0.326451
5000x5000,16,column,static,2,0.325929
5000x5000,16,column,static,3,0.326189
5000x5000,16,column,static,4,0.325287
5000x5000,16,column,static,5,0.325104
5000x5000,16,column,static,Average,0.325792
5000x5000,16,column,dynamic,1,0.326489
5000x5000,16,column,dynamic,2,0.327766
5000x5000,16,column,dynamic,3,0.327029
5000x5000,16,column,dynamic,4,0.327718
5000x5000,16,column,dynamic,5,0.324914
5000x5000,16,column,dynamic,Average,0.326783
5000x5000,16,column,guided,1,0.324979
5000x5000,16,column,guided,2,0.326108
5000x5000,16,column,guided,3,0.323429
5000x5000,16,column,guided,4,0.324624
5000x5000,16,column,guided,5,0.327809
5000x5000,16,column,guided,Average,0.325390
5000x5000,16,column,runtime,1,0.327295
5000x5000,16,column,runtime,2,0.326994
5000x5000,16,column,runtime,3,0.326438
5000x5000,16,column,runtime,4,0.324406
5000x5000,16,column,runtime,5,0.327105
5000x5000,16,column,runtime,Average,0.326448
5000x5000,16,column,static,1,0.169479
5000x5000,16,column,static,2,0.168926
5000x5000,16,column,static,3,0.167485
5000x5000,16,column,static,4,0.168922
5000x5000,16,column,static,5,0.168904
5000x5000,16,column,static,Average,0.168743
5000x5000,16,column,dynamic,1,0.170478
5000x5000,16,column,dynamic,2,0.168918
5000x5000,16,column,dynamic,3,0.167812
5000x5000,16,column,dynamic,4,0.168222
5000x5000,16,column,dynamic,5,0.168293
5000x5000,16,column,dynamic,Average,0.168745
5000x5000,16,column,guided,1,0.167915
5000x5000,16,column,guided,2,0.169017
5000x5000,16,column,guided,3,0.168358
5000x5000,16,column,guided,4,0.168870
5000x5000,16,column,guided,5,0.168036
5000x5000,16,column,guided,Average,0.168439
5000x5000,16,column,runtime,1,0.171597
5000x5000,16,column,runtime,2,0.167502
5000x5000,16,column,runtime,3,0.167504
5000x5000,16,column,runtime,4,0.168991
5000x5000,16,column,runtime,5,0.168891
5000x5000,16,column,runtime,Average,0.168897
10000x10000,16,row,static,1,0.803126
10000x10000,16,row,static,2,0.816301
10000x10000,16,row,static,3,0.808297
10000x10000,16,row,static,4,0.817981
10000x10000,16,row,static,5,0.815045
10000x10000,16,row,static,Average,0.812150
10000x10000,16,row,dynamic,1,0.804653
10000x10000,16,row,dynamic,2,0.806604
10000x10000,16,row,dynamic,3,0.812738
10000x10000,16,row,dynamic,4,0.803293
10000x10000,16,row,dynamic,5,0.813169
10000x10000,16,row,dynamic,Average,0.808091
10000x10000,16,row,guided,1,0.803363
10000x10000,16,row,guided,2,0.806937
10000x10000,16,row,guided,3,0.808645
10000x10000,16,row,guided,4,0.833047
10000x10000,16,row,guided,5,0.805682
10000x10000,16,row,guided,Average,0.811535
10000x10000,16,row,runtime,1,0.821763
10000x10000,16,row,runtime,2,0.830771
10000x10000,16,row,runtime,3,0.811128
10000x10000,16,row,runtime,4,0.816285
10000x10000,16,row,runtime,5,0.822910
10000x10000,16,row,runtime,Average,0.820571
10000x10000,16,row,static,1,0.635458
10000x10000,16,row,static,2,0.652734
10000x10000,16,row,static,3,0.637939
10000x10000,16,row,static,4,0.632373
10000x10000,16,row,static,5,0.634760
10000x10000,16,row,static,Average,0.638653
10000x10000,16,row,dynamic,1,0.634129
10000x10000,16,row,dynamic,2,0.636870
10000x10000,16,row,dynamic,3,0.635226
10000x10000,16,row,dynamic,4,0.632543
10000x10000,16,row,dynamic,5,0.634536
10000x10000,16,row,dynamic,Average,0.634661
10000x10000,16,row,guided,1,0.632880
10000x10000,16,row,guided,2,0.632628
10000x10000,16,row,guided,3,0.637989
10000x10000,16,row,guided,4,0.635628
10000x10000,16,row,guided,5,0.637964
10000x10000,16,row,guided,Average,0.635418
10000x10000,16,row,runtime,1,0.634501
10000x10000,16,row,runtime,2,0.634985
10000x10000,16,row,runtime,3,0.631565
10000x10000,16,row,runtime,4,0.640331
10000x10000,16,row,runtime,5,0.636642
10000x10000,16,row,runtime,Average,0.635605
10000x10000,16,column,static,1,1.345809
10000x10000,16,column,static,2,1.339042
10000x10000,16,column,static,3,1.347192
10000x10000,16,column,static,4,1.343211
10000x10000,16,column,static,5,1.345044
10000x10000,16,column,static,Average,1.344060
10000x10000,16,column,dynamic,1,1.348612
10000x10000,16,column,dynamic,2,1.345595
10000x10000,16,column,dynamic,3,1.345565
10000x10000,16,column,dynamic,4,1.345033
10000x10000,16,column,dynamic,5,1.330948
10000x10000,16,column,dynamic,Average,1.343150
10000x10000,16,column,guided,1,1.331603
10000x10000,16,column,guided,2,1.346799
10000x10000,16,column,guided,3,1.340868
10000x10000,16,column,guided,4,1.334154
10000x10000,16,column,guided,5,1.337752
10000x10000,16,column,guided,Average,1.338235
10000x10000,16,column,runtime,1,1.339819
10000x10000,16,column,runtime,2,1.346625
10000x10000,16,column,runtime,3,1.344991
10000x10000,16,column,runtime,4,1.343193
10000x10000,16,column,runtime,5,1.345385
10000x10000,16,column,runtime,Average,1.344003
10000x10000,16,column,static,1,0.632225
10000x10000,16,column,static,2,0.633197
10000x10000,16,column,static,3,0.631312
10000x10000,16,column,static,4,0.631787
10000x10000,16,column,static,5,0.634160
10000x10000,16,column,static,Average,0.632536
10000x10000,16,column,dynamic,1,0.636637
10000x10000,16,column,dynamic,2,0.635520
10000x10000,16,column,dynamic,3,0.636593
10000x10000,16,column,dynamic,4,0.633322
10000x10000,16,column,dynamic,5,0.635468
10000x10000,16,column,dynamic,Average,0.635508
10000x10000,16,column,guided,1,0.632053
10000x10000,16,column,guided,2,0.636057
10000x10000,16,column,guided,3,0.635026
10000x10000,16,column,guided,4,0.637901
10000x10000,16,column,guided,5,0.636850
10000x10000,16,column,guided,Average,0.635577
10000x10000,16,column,runtime,1,0.635609
10000x10000,16,column,runtime,2,0.631859
10000x10000,16,column,runtime,3,0.633139
10000x10000,16,column,runtime,4,0.634005
10000x10000,16,column,runtime,5,0.632062
10000x10000,16,column,runtime,Average,0.633335
